{"0":"Main Camera","1":"cameraListItem0","2":{"0":20,"1":60},"3":50,"4":[0,0,640,480],"5":[0.6392156862745098,0.788235294117647,0.8196078431372549,"1"],"6":"Minimap","7":"cameraListItem1","8":{"0":20,"1":60},"9":50,"10":[0,0,"80","80"],"11":[0.2,0.5686274509803921,0.6196078431372549,"1"]}