{"0":"Paddle","1":"instanceListItem0_0","2":20.959976196289062,"3":45,"4":8,"5":2,"6":0,"7":[0,1,0.1607843137254902,"1"],"8":"Ball","9":"instanceListItem1_1","10":25,"11":58,"12":2,"13":2,"14":0,"15":[0,0.0392156862745098,1,"1"],"16":"Wall","17":"instanceListItem2_3","18":-5,"19":60,"20":3,"21":40,"22":0,"23":[0,0,0,"1"],"24":"Wall","25":"instanceListItem2_9","26":20,"27":79,"28":60,"29":3,"30":0,"31":[0,0,0,"1"],"32":"Wall","33":"instanceListItem2_10","34":45,"35":60,"36":3,"37":40,"38":0,"39":[0,0,0,"1"],"40":"Brick","41":"instanceListItem3_13","42":20,"43":72,"44":9,"45":3,"46":0,"47":[1,0,0.8392156862745098,"1"],"48":"Brick","49":"instanceListItem3_14","50":32,"51":72,"52":9,"53":3,"54":0,"55":[0.6509803921568628,0,0.5450980392156862,"1"],"56":"Brick","57":"instanceListItem3_15","58":8,"59":72,"60":9,"61":3,"62":0,"63":[0.9882352941176471,0.6784313725490196,1,"1"],"64":"ScoreKeeper","65":"instanceListItem4_16","66":20,"67":60,"68":5,"69":5,"70":0,"71":[1,1,1,1],"72":"OutOfBounds","73":"instanceListItem5_17","74":20,"75":39,"76":90,"77":5,"78":0,"79":[1,0,0,"1"],"80":"Brick","81":"instanceListItem3_18","82":14,"83":68,"84":9,"85":3,"86":0,"87":[1,0,0.3607843137254902,"1"],"88":"Brick","89":"instanceListItem3_19","90":26,"91":68,"92":9,"93":3,"94":0,"95":[0.7215686274509804,0.2,0.3568627450980392,"1"]}